<?xml version="1.0" encoding="UTF-8"?>
<project-private xmlns="http://www.netbeans.org/ns/project-private/1">
    <editor-bookmarks xmlns="http://www.netbeans.org/ns/editor-bookmarks/1">
        <file>
            <url>classes/actions/ActionRegistration.class.php</url>
            <line>173</line>
        </file>
        <file>
            <url>engine/modules/viewer/Viewer.class.php</url>
            <line>161</line>
            <line>569</line>
        </file>
    </editor-bookmarks>
</project-private>
